ECRF_CODE,CONCEPT_CD
2.01,ADMINMED:2799024
2.02,ADMINMED:2798992
2.02,ADMINMED:2799024
2.09,ADMINMED:2798992
2.09,ADMINMED:2798673
2.09,ADMINMED:2799024
2.09,ADMINMED:2797692
2.09,ADMINMED:2799021
2.12,ADMINMED:2799024
2.13,ADMINMED:2799024
3.03,ADMINMED:2798992
3.03,ADMINMED:2797919
3.03,ADMINMED:2799024
3.04,ADMINMED:2798992
3.04,ADMINMED:2796899
3.04,HOMEMED:3653800
3.04,HOMEMED:3653817
3.04,HOMEMED:3653821
3.04,HOMEMED:3653807
3.04,HOMEMED:3653822
3.06,ADMINMED:2798992
3.06,ADMINMED:2798718
3.07,ADMINMED:2798992
3.07,ADMINMED:2797919
3.07,ADMINMED:2799024
3.07,ADMINMED:2796908
3.08,ADMINMED:2798992
3.08,ADMINMED:2799024
3.09,ADMINMED:2798992
3.09,ADMINMED:2799024
3.11,ADMINMED:2798992
3.11,ADMINMED:2797919
3.11,ADMINMED:2799024
3.12,ADMINMED:2798992
3.12,ADMINMED:2797919
3.12,ADMINMED:2799024
3.12,ADMINMED:2798880
3.13,ADMINMED:2798992
3.13,ADMINMED:2797919
3.13,ADMINMED:2799024
3.14,ADMINMED:2797919
3.14,ADMINMED:2798516
3.14,ADMINMED:2799024
3.14,ADMINMED:2798880
3.15,ADMINMED:2798992
3.15,ADMINMED:2797919
3.15,ADMINMED:2799024
3.16,ADMINMED:2799024
3.17,ADMINMED:2798992
3.17,ADMINMED:2799024
3.17,ADMINMED:4103207
3.17,HOMEMED:3672973
3.19,ADMINMED:2798992
3.19,ADMINMED:2797919
3.19,ADMINMED:2799024
3.2,ADMINMED:2799024
3.22,ADMINMED:2799024
3.23,ADMINMED:2798992
3.23,ADMINMED:2797919
3.23,ADMINMED:2799024
3.23,ADMINMED:2798718
3.23,ADMINMED:2798880
3.25,ADMINMED:2799024
3.26,ADMINMED:2798992
3.26,ADMINMED:2797919
3.26,ADMINMED:2799024
3.27,ADMINMED:2798992
3.27,ADMINMED:2799024
3.27,ADMINMED:2798678
3.28,ADMINMED:2799024
3.29,ADMINMED:2799024
3.3,ADMINMED:2799024
3.31,ADMINMED:2798992
3.31,ADMINMED:2797919
3.31,ADMINMED:2799024
3.32,ADMINMED:2798992
3.32,ADMINMED:2799024
3.33,ADMINMED:2798992
3.33,ADMINMED:2797919
3.33,ADMINMED:2799024
3.33,ADMINMED:2798678
3.35,ADMINMED:2799024
3.35,ADMINMED:2797553
3.35,HOMEMED:3674269
3.37,ADMINMED:2798992
3.37,ADMINMED:2797919
3.37,ADMINMED:2799024
4.01,ADMINMED:2799024
4.02,ADMINMED:2799024
6.01,ADMINMED:2798992
6.01,ADMINMED:2799024
6.08,ADMINMED:2798992
6.08,ADMINMED:2799024
6.14,ADMINMED:2799024
6.16,ADMINMED:2799024
6.17,ADMINMED:2798992
7.02,ADMINMED:2798992
7.03,ADMINMED:2798992
7.03,ADMINMED:2799024
7.06,ADMINMED:2799024
7.08,ADMINMED:2798992
7.08,ADMINMED:2798999
7.08,ADMINMED:2798516
7.08,ADMINMED:2799024
7.08,ADMINMED:2798880
7.08,ADMINMED:4103305
7.11,ADMINMED:15612623
7.12,ADMINMED:2798992
8.03,ADMINMED:2798992
8.03,ADMINMED:2799024
8.12,ADMINMED:2798992
8.14,ADMINMED:2799024
8.16,ADMINMED:15611499
8.16,ADMINMED:199347052
8.16,ADMINMED:212159316
8.16,ADMINMED:4103254
8.16,ADMINMED:4103320
8.2,ADMINMED:2799024
9.02,ADMINMED:2799024
9.05,ADMINMED:2798992
9.05,ADMINMED:2798998
9.05,ADMINMED:2798999
9.05,ADMINMED:2798167
9.05,ADMINMED:2798516
9.05,ADMINMED:2798673
9.05,ADMINMED:2799024
9.07,ADMINMED:2798992
9.07,ADMINMED:2798999
9.07,ADMINMED:2798285
9.07,HOMEMED:10698270
9.07,HOMEMED:3683128
9.07,HOMEMED:3683129
9.07,ADMINMED:2798289
9.07,HOMEMED:3683523
9.07,ADMINMED:2799024
9.11,ADMINMED:2798992
9.11,ADMINMED:2798999
9.11,ADMINMED:2798285
9.11,HOMEMED:10698270
9.11,HOMEMED:3683128
9.11,HOMEMED:3683129
9.11,ADMINMED:2798289
9.11,HOMEMED:3683523
9.11,ADMINMED:2799024
10.01,ADMINMED:2798992
10.01,ADMINMED:2799024
10.01,HOMEMED:3681016
10.02,ADMINMED:2799024
10.05,ADMINMED:2799024
10.06,ADMINMED:2798992
10.06,ADMINMED:2799024
11.02,ADMINMED:2799024
11.05,ADMINMED:2799024
11.06,ADMINMED:2798992
11.06,ADMINMED:2799024
12.02,ADMINMED:2799024
12.03,ADMINMED:2799024
13.04,ADMINMED:2799024
13.05,ADMINMED:2797681
13.05,HOMEMED:3676203
13.05,ADMINMED:2799024
14.01,ADMINMED:2799024
14.03,ADMINMED:2798992
14.04,ADMINMED:2799024
14.04,ADMINMED:15612623
14.05,ADMINMED:2798992
14.05,ADMINMED:2799024
14.08,ADMINMED:2798992
14.08,ADMINMED:2799024
14.08,ADMINMED:2798678
14.14,ADMINMED:2798992
14.14,ADMINMED:2799024
14.14,ADMINMED:2797261
15.01,ADMINMED:2797919
15.01,ADMINMED:2798167
15.01,ADMINMED:2798516
15.01,ADMINMED:2798673
15.01,ADMINMED:2799024
15.01,ADMINMED:2798508
15.01,ADMINMED:2798525
15.01,ADMINMED:2798670
15.01,ADMINMED:2798718
15.01,ADMINMED:2798990
15.01,ADMINMED:2799021
15.03,ADMINMED:2798992
15.03,ADMINMED:2798998
15.03,ADMINMED:2798999
15.03,ADMINMED:2798289
15.03,HOMEMED:3683523
15.03,ADMINMED:2798516
15.03,ADMINMED:2799024
15.03,ADMINMED:2798718
15.03,HOMEMED:395571686
15.04,ADMINMED:2798992
15.04,ADMINMED:2798998
15.04,ADMINMED:2798999
15.04,ADMINMED:2797919
15.04,ADMINMED:2798167
15.04,ADMINMED:2798285
15.04,ADMINMED:2798673
15.04,ADMINMED:2799024
15.04,ADMINMED:2797762
15.04,ADMINMED:2797805
15.04,ADMINMED:2798526
15.04,ADMINMED:2798670
15.04,ADMINMED:2798990
15.04,ADMINMED:2799021
15.04,ADMINMED:2799023
15.05,ADMINMED:2798992
15.05,ADMINMED:2798998
15.05,ADMINMED:2798999
15.05,ADMINMED:2797919
15.05,ADMINMED:2798167
15.05,ADMINMED:2798516
15.05,ADMINMED:2799024
15.05,ADMINMED:2798508
15.05,ADMINMED:2798678
15.05,ADMINMED:2798718
15.05,ADMINMED:2799023
16.06,ADMINMED:2798992
16.06,ADMINMED:2799024
16.06,ADMINMED:2798678
16.06,ADMINMED:2799023
16.06,ADMINMED:4103305
16.08,ADMINMED:2799024
16.09,HOMEMED:3676574
16.1,ADMINMED:2798992
16.11,ADMINMED:2798992
16.11,ADMINMED:2798998
16.11,ADMINMED:2799024
18.03,ADMINMED:2798992
18.03,ADMINMED:2799024
18.03,ADMINMED:2797960
18.03,ADMINMED:2797963
18.03,HOMEMED:307878531
18.03,HOMEMED:3679251
18.03,HOMEMED:3679254
18.03,HOMEMED:3679348
18.03,HOMEMED:3679355
18.03,HOMEMED:3679361
18.04,ADMINMED:2798992
18.04,ADMINMED:2799024
18.06,ADMINMED:2798992
18.06,ADMINMED:2799024
18.07,ADMINMED:2799024
18.08,ADMINMED:2798992
18.08,ADMINMED:2799024
18.1,ADMINMED:2799024
18.12,ADMINMED:2799024
19.04,ADMINMED:2798992
19.04,ADMINMED:2799024
19.07,ADMINMED:2798992
19.07,ADMINMED:2799024
19.09,ADMINMED:2799024
22.01,ADMINMED:2798992
22.01,ADMINMED:2799024
22.05,ADMINMED:2798992
22.05,ADMINMED:2799024
22.06,ADMINMED:2798992
22.06,ADMINMED:2799024
22.07,ADMINMED:2798992
22.07,ADMINMED:2799024
22.07,ADMINMED:15612623
22.09,ADMINMED:2799024
22.11,ADMINMED:2799024
22.12,ADMINMED:2798992
22.12,ADMINMED:2799024
22.13,ADMINMED:2798992
22.13,ADMINMED:2799024
22.14,ADMINMED:2798992
22.14,ADMINMED:2799024
22.15,ADMINMED:2798992
22.15,ADMINMED:2799024
22.16,ADMINMED:2798992
22.16,ADMINMED:2799024
22.22,ADMINMED:2799024
23.01,ADMINMED:2798992
23.01,ADMINMED:2798167
23.01,ADMINMED:2799024
26.02,ADMINMED:2799024
26.04,ADMINMED:2799024
26.05,ADMINMED:2799024
26.07,ADMINMED:2799024
26.08,ADMINMED:2798992
26.08,ADMINMED:2798998
26.08,ADMINMED:2798999
26.08,ADMINMED:2798516
26.08,ADMINMED:2799024
26.08,ADMINMED:2799023
26.08,ADMINMED:4103305
26.14,ADMINMED:2799024