CONCEPT_CD,BCH_CONCEPT_DESCRIPTION
ADMINMED:2798974,dextrose 10% in water
ADMINMED:2798678,sodium chloride
ADMINMED:2798992,dextrose 5% in water
ADMINMED:2799024,sodium chloride 0.9%
ADMINMED:2798999,dextrose 5% with 0.9% nacl
ADMINMED:15611599,bottle contains
ADMINMED:2798998,dextrose 5% with 0.45% nacl
ADMINMED:212159319,heparin flush
HOMEMED:157251369,Miscellaneous Prescription
HOMEMED:64178553,Misc Prescription
HOMEMED:64178552,Misc Prescription
HOMEMED:64177122,DME Other
